road_type,hour,congestion_index
all,0,0.976421921883191
all,1,0.9870253190198327
all,2,0.9934466428548332
all,3,0.9970660976561955
all,4,0.9977133431758933
all,5,0.9989028562197818
all,6,0.9993585470361558
all,7,0.9998829694803896
all,8,1.0
all,9,1.0
all,10,1.0
all,11,1.0
all,12,1.0
all,13,1.0
all,14,1.0
all,15,1.0
all,16,1.0
all,17,1.0
all,18,1.0
all,19,1.0
all,20,1.0
all,21,1.0
all,22,1.0
all,23,1.0