purpose,h,arrival,departure
escape,0,0.47116612818393566,0.998440904650988
escape,1,0.3180178826358104,0.0015590953490119469
escape,2,0.17089939138928545,0.0
escape,3,0.03991659779096852,0.0
