dist_group,main_mode,share
0 - 1000,car,0.024294545703401237
1000 - 2000,car,0.10539042361475466
2000 - 5000,car,0.4883773980883728
5000 - 10000,car,0.2816798594794352
10000 - 20000,car,0.1002577731140361
