purpose,h,arrival,departure
escape,0,0.2318725441779572,0.9986902282438322
escape,1,0.24338135829772614,0.0013097717561677367
escape,2,0.2214158417967492,0.0
escape,3,0.1708715350095549,0.0
escape,4,0.1106649775621068,0.0
escape,5,0.021793743155905782,0.0
