purpose,h,arrival,departure
escape,0,0.5030231808790917,0.9986732121533767
escape,1,0.34621581152030934,0.001326787846623325
escape,2,0.15076100760059896,0.0
