road_type,hour,congestion_index
all,0,0.9623664154796387
all,1,0.9770022705736848
all,2,0.9883382081465996
all,3,0.995923188669164
all,4,0.9969301770040652
all,5,0.9973357135982216
all,6,0.9984028208909363
all,7,0.9984028208909363
all,8,0.9986735141679832
all,9,1.0
all,10,1.0
all,11,1.0
all,12,1.0
all,13,1.0
all,14,1.0
all,15,1.0
all,16,1.0
all,17,1.0
all,18,1.0
all,19,1.0
all,20,1.0
all,21,1.0
all,22,1.0
all,23,1.0
