dist_group,main_mode,share
0 - 1000,car,0.1636308497128452
1000 - 2000,car,0.5163289675695142
2000 - 5000,car,0.3018442351068064
5000 - 10000,car,0.018195947610834172
