purpose,h,arrival,departure
escape,0,0.5277582971625694,0.9985405333687143
escape,1,0.3903409844765822,0.0014594666312856574
escape,2,0.08190071836084839,0.0
