dist_group,main_mode,share
0 - 1000,car,0.024294545703401237
1000 - 2000,car,0.10545885895476424
2000 - 5000,car,0.5070602459109884
5000 - 10000,car,0.29794465862171227
10000 - 20000,car,0.06524169080913383
