purpose,h,arrival,departure
escape,0,0.17478385838446975,0.9987453520998244
escape,1,0.16390263932294638,0.0012546479001756506
escape,2,0.16173552022264298,0.0
escape,3,0.16246549718274517,0.0
escape,4,0.14855031138079705,0.0
escape,5,0.13985902319958027,0.0
escape,6,0.04870315030681844,0.0
