dist_group,main_mode,share
0 - 1000,car,0.17990017277788442
1000 - 2000,car,0.5753695526972548
2000 - 5000,car,0.24473027452486082
