dist_group,main_mode,share
0 - 1000,car,0.18103072461570538
1000 - 2000,car,0.5749729903902652
2000 - 5000,car,0.24399628499402945
