purpose,h,arrival,departure
escape,0,0.505260126703782,0.9985025916682665
escape,1,0.34726435016317914,0.0014974083317335382
escape,2,0.14747552313303897,0.0
