purpose,h,arrival,departure
escape,0,0.5049754544248375,0.9984457628082413
escape,1,0.3443014461987528,0.001554237191758752
escape,2,0.1507230993764097,0.0
