road_type,hour,congestion_index
all,0,0.9565241773338928
all,1,0.9707303016869528
all,2,0.9794838083155628
all,3,0.9846132798583352
all,4,0.9889808747867542
all,5,0.9925828101214248
all,6,0.9966729226842788
all,7,0.9996265701205628
all,8,1.0
all,9,1.0
all,10,1.0
all,11,1.0
all,12,1.0
all,13,1.0
all,14,1.0
all,15,1.0
all,16,1.0
all,17,1.0
all,18,1.0
all,19,1.0
all,20,1.0
all,21,1.0
all,22,1.0
all,23,1.0
