purpose,h,arrival,departure
escape,0,0.499327129020641,0.9984836710324305
escape,1,0.34553346348490305,0.0015163289675695143
escape,2,0.15223942834397922,0.0
escape,3,0.002899979150476696,0.0
