iteration;avg_executed;avg_worst;avg_average;avg_best
0;135.88819980018187;135.88819980018187;135.88819980018187;135.88819980018187
