iteration;avg_executed;avg_worst;avg_average;avg_best
0;136.02835315423744;136.02835315423744;136.02835315423744;136.02835315423744
