iteration;avg_executed;avg_worst;avg_average;avg_best
0;109.39319167852722;109.39319167852722;109.39319167852722;109.39319167852722
