road_type,hour,congestion_index
all,0,0.9550937156469844
all,1,0.9713881386695588
all,2,0.983842870368106
all,3,0.9914311288326216
all,4,0.9963837481433512
all,5,0.9993915473029432
all,6,1.0
all,7,1.0
all,8,1.0
all,9,1.0
all,10,1.0
all,11,1.0
all,12,1.0
all,13,1.0
all,14,1.0
all,15,1.0
all,16,1.0
all,17,1.0
all,18,1.0
all,19,1.0
all,20,1.0
all,21,1.0
all,22,1.0
all,23,1.0
