road_type,hour,congestion_index
all,0,0.9573604236283296
all,1,0.9735805613563792
all,2,0.9850218324351976
all,3,0.992678650057386
all,4,0.997241686851049
all,5,0.999653431002525
all,6,1.0
all,7,1.0
all,8,1.0
all,9,1.0
all,10,1.0
all,11,1.0
all,12,1.0
all,13,1.0
all,14,1.0
all,15,1.0
all,16,1.0
all,17,1.0
all,18,1.0
all,19,1.0
all,20,1.0
all,21,1.0
all,22,1.0
all,23,1.0
