iteration;avg_executed;avg_worst;avg_average;avg_best
0;136.14395354993343;136.14395354993343;136.14395354993343;136.14395354993343
