iteration;avg_executed;avg_worst;avg_average;avg_best
0;136.07885337048054;136.07885337048054;136.07885337048054;136.07885337048054
