iteration;avg_executed;avg_worst;avg_average;avg_best
0;122.45797625050945;122.45797625050945;122.45797625050945;122.45797625050945
