road_type,hour,congestion_index
all,0,0.9646046375881344
all,1,0.9781461366106328
all,2,0.9854650983578634
all,3,0.9894998381772554
all,4,0.9911655012637552
all,5,0.9926986109843204
all,6,0.9975986261840766
all,7,0.9979105208064866
all,8,0.9980737790202768
all,9,0.9981826325629012
all,10,0.9996713140032032
all,11,1.0
all,12,1.0
all,13,1.0
all,14,1.0
all,15,1.0
all,16,1.0
all,17,1.0
all,18,1.0
all,19,1.0
all,20,1.0
all,21,1.0
all,22,1.0
all,23,1.0
