road_type,hour,congestion_index
all,0,0.9543847389803708
all,1,0.9712575375246782
all,2,0.9841526914964598
all,3,0.9913188558690832
all,4,0.996451415228729
all,5,0.9993868654166128
all,6,1.0
all,7,1.0
all,8,1.0
all,9,1.0
all,10,1.0
all,11,1.0
all,12,1.0
all,13,1.0
all,14,1.0
all,15,1.0
all,16,1.0
all,17,1.0
all,18,1.0
all,19,1.0
all,20,1.0
all,21,1.0
all,22,1.0
all,23,1.0
