purpose,h,arrival,departure
escape,0,0.5010709073333459,0.9983509922477681
escape,1,0.34593149983889004,0.0016490077522318468
escape,2,0.15047669591917967,0.0
escape,3,0.0025208969085843175,0.0
