dist_group,main_mode,share
0 - 1000,car,0.17788714403786912
1000 - 2000,car,0.582481779247126
2000 - 5000,car,0.2396310767150049
