purpose,h,arrival,departure
escape,0,0.4723871064693065,0.998816590277256
escape,1,0.31628972875497785,0.0011834097227440077
escape,2,0.1717634683297017,0.0
escape,3,0.039559696446013974,0.0
