road_type,hour,congestion_index
all,0,0.9674849027955384
all,1,0.963497639847027
all,2,0.9833226435090217
all,3,0.990962566882258
all,4,0.9960055007694844
all,5,0.9993990301413432
all,6,1.0
all,7,1.0
all,8,1.0
all,9,1.0
all,10,1.0
all,11,1.0
all,12,1.0
all,13,1.0
all,14,1.0
all,15,1.0
all,16,1.0
all,17,1.0
all,18,1.0
all,19,1.0
all,20,1.0
all,21,1.0
all,22,1.0
all,23,1.0
