road_type,hour,congestion_index
all,0,0.9798775160990921
all,1,0.9897092939744307
all,2,0.9946872781872138
all,3,0.9971865255230147
all,4,0.9982657724789004
all,5,0.9986034167168524
all,6,0.9988501284012071
all,7,0.9994852832205564
all,8,0.999680183751252
all,9,0.9997590264011376
all,10,1.0
all,11,1.0
all,12,1.0
all,13,1.0
all,14,1.0
all,15,1.0
all,16,1.0
all,17,1.0
all,18,1.0
all,19,1.0
all,20,1.0
all,21,1.0
all,22,1.0
all,23,1.0