dist_group,main_mode,share
0 - 1000,car,0.17748630565401163
1000 - 2000,car,0.5730775791808033
2000 - 5000,car,0.24943611516518507
