dist_group,main_mode,share
0 - 1000,car,0.17638702246112498
1000 - 2000,car,0.5734689959685161
2000 - 5000,car,0.250143981570359
