purpose,h,arrival,departure
escape,0,0.5003885592979397,0.9987679827138498
escape,1,0.3458556833905116,0.0012320172861502302
escape,2,0.15134858507553214,0.0
escape,3,0.002407172236016604,0.0
