purpose,h,arrival,departure
escape,0,0.5044922249952006,0.9986945670954118
escape,1,0.347475523133039,0.0013054329045882127
escape,2,0.14711076982146284,0.0
escape,3,9.21482050297562E-4,0.0
