dist_group,main_mode,share
0 - 1000,car,0.24520597080815607
1000 - 2000,car,0.36252517727561184
2000 - 5000,car,0.32773225174516457
5000 - 10000,car,0.06453660017106752
