purpose,h,arrival,departure
escape,0,0.773749413679883,0.9988411555334823
escape,1,0.226250586320117,0.0011588444665176724
