iteration;avg_executed;avg_worst;avg_average;avg_best
0;110.49130114101028;110.49130114101028;110.49130114101028;110.49130114101028
