road_type,hour,congestion_index
all,0,0.987137590902606
all,1,0.9632094113129122
all,2,0.9758158421854994
all,3,0.9888088623279028
all,4,0.9951807831411652
all,5,0.9991171506278788
all,6,1.0
all,7,1.0
all,8,1.0
all,9,1.0
all,10,1.0
all,11,1.0
all,12,1.0
all,13,1.0
all,14,1.0
all,15,1.0
all,16,1.0
all,17,1.0
all,18,1.0
all,19,1.0
all,20,1.0
all,21,1.0
all,22,1.0
all,23,1.0
